001c605b-48b0-487e-9c35-5db81bda2ce6, money, food, Food description 3, 72, food, Food description 4, 55, food, Food description 0, 69, food, Food description 1, 99, food, Food description 2, 61, 356.00
004b67f5-2491-419b-96ab-91261d82f933, credit_card, food, Food description 7, 37, food, Food description 6, 57, food, Food description 5, 61, 155.00
005d9b78-075c-43e6-850c-ab44770e8eeb, debit_card, food, Food description 5, 61, food, Food description 7, 37, food, Food description 6, 57, 155.00
00e547f3-e2a1-4ae3-8e09-cfd55a88b454, credit_card, food, Food description 5, 61, food, Food description 6, 57, food, Food description 7, 37, 155.00
00e78058-2886-49cf-bb99-2c7cbc1d375a, money, food, Food description 7, 37, food, Food description 5, 61, food, Food description 6, 57, 155.00
0197a755-1277-48a8-aa02-65ab1e3ccdf0, money, food, Food description 3, 72, food, Food description 4, 55, food, Food description 0, 69, food, Food description 1, 99, food, Food description 2, 61, 356.00
04e646fc-8d76-4d09-98e7-dcabc8c05a67, money, food, Food description 5, 61, food, Food description 6, 57, food, Food description 7, 37, 155.00
08eabe4a-f7ef-4f76-87d4-7d7847fe27a7, money, food, Food description 7, 37, food, Food description 6, 57, food, Food description 5, 61, 155.00
0a0e2469-e0bf-475c-9aff-a001e1faf440, credit_card, food, Food description 3, 72, food, Food description 4, 55, food, Food description 0, 69, food, Food description 1, 99, food, Food description 2, 61, 356.00
0abd3a09-a424-43ec-abec-3dda8e5abb92, money, food, Food description 0, 69, food, Food description 4, 55, food, Food description 2, 61, food, Food description 1, 99, food, Food description 3, 72, 356.00
0c74aa02-46ed-436a-9277-8971fd56dbc6, money, food, Food description 4, 55, food, Food description 0, 69, food, Food description 1, 99, food, Food description 2, 61, food, Food description 3, 72, 356.00
1168525e-5f58-488e-872b-a25939c71356, debit_card, food, Food description 4, 55, food, Food description 0, 69, food, Food description 1, 99, food, Food description 2, 61, food, Food description 3, 72, 356.00
12fef389-e482-4c22-9c66-6189290d7a45, credit_card, food, Food description 5, 61, food, Food description 6, 57, food, Food description 7, 37, 155.00
1779efa9-21e2-43e3-a05f-03e1fbaa5acf, debit_card, food, Food description 5, 61, food, Food description 6, 57, food, Food description 7, 37, 155.00
1d2a518d-79e5-4fb9-973c-56ba5f32f960, money, food, Food description 5, 61, food, Food description 7, 37, food, Food description 6, 57, 155.00
1d58636a-15aa-4562-8d7f-0a322f27edf2, debit_card, food, Food description 0, 69, food, Food description 4, 55, food, Food description 3, 72, food, Food description 2, 61, food, Food description 1, 99, 356.00
1e1adf66-69af-4c65-ba65-975e029ba4b6, debit_card, food, Food description 1, 99, food, Food description 4, 55, food, Food description 0, 69, food, Food description 3, 72, food, Food description 2, 61, 356.00
228d1175-67b1-40d6-bc9a-8b05fd279572, debit_card, food, Food description 1, 99, food, Food description 0, 69, food, Food description 2, 61, food, Food description 3, 72, food, Food description 4, 55, 356.00
27e6e0a0-2960-42ef-b8a5-44c0e93b7ac0, credit_card, food, Food description 1, 99, food, Food description 0, 69, food, Food description 2, 61, food, Food description 3, 72, food, Food description 4, 55, 356.00
27eb527c-cb2a-4f04-a6d9-db7173fbd202, credit_card, food, Food description 5, 61, food, Food description 6, 57, food, Food description 7, 37, 155.00
28dd0c98-abef-4a4d-bc11-e125c281a660, debit_card, food, Food description 7, 37, food, Food description 6, 57, food, Food description 5, 61, 155.00
2aa883e8-0243-4f06-8c42-fa959c84cda8, money, food, Food description 4, 55, food, Food description 0, 69, food, Food description 1, 99, food, Food description 2, 61, food, Food description 3, 72, 356.00
2c0f9884-4704-4a90-8861-54fc756dba15, debit_card, food, Food description 6, 57, food, Food description 5, 61, food, Food description 7, 37, 155.00
2c239650-a701-4088-a4a8-2ad3b43612e9, money, food, Food description 2, 61, food, Food description 0, 69, food, Food description 1, 99, food, Food description 4, 55, food, Food description 3, 72, 356.00
2cf8f829-7277-4c78-8ebb-956654fb956e, money, food, Food description 5, 61, food, Food description 6, 57, food, Food description 7, 37, 155.00
2dc29dce-35a1-44b9-81f5-5b2b14073033, credit_card, food, Food description 7, 37, food, Food description 6, 57, food, Food description 5, 61, 155.00
30f72938-3a27-4a6b-b979-900d5bf2db9b, credit_card, food, Food description 1, 99, food, Food description 2, 61, food, Food description 3, 72, food, Food description 4, 55, food, Food description 0, 69, 356.00
31cf45a9-620e-4861-a569-d37e0522d3df, money, food, Food description 0, 69, food, Food description 4, 55, food, Food description 3, 72, food, Food description 2, 61, food, Food description 1, 99, 356.00
35335eb1-8ad6-489f-aefc-f4ff567c470a, debit_card, food, Food description 6, 57, food, Food description 5, 61, food, Food description 7, 37, 155.00
39f78788-a3f8-44ea-ba09-e856e70520a3, money, food, Food description 0, 69, food, Food description 1, 99, food, Food description 2, 61, food, Food description 3, 72, food, Food description 4, 55, 356.00
3a3d44e1-d09b-4193-ae7a-a87a5d77f657, money, food, Food description 4, 55, food, Food description 3, 72, food, Food description 2, 61, food, Food description 1, 99, food, Food description 0, 69, 356.00
3f4ee11c-3753-408f-9325-a2b178dc9e39, money, food, Food description 0, 69, food, Food description 4, 55, food, Food description 3, 72, food, Food description 2, 61, food, Food description 1, 99, 356.00
4348456f-945a-4280-981f-99a6385be080, money, food, Food description 2, 61, food, Food description 1, 99, food, Food description 0, 69, food, Food description 4, 55, food, Food description 3, 72, 356.00
43a3fb52-c442-4b1b-a8e5-49689fc88aaa, debit_card, food, Food description 7, 37, food, Food description 5, 61, food, Food description 6, 57, 155.00
4406055b-0c24-43b2-902a-fc7a867530b4, money, food, Food description 4, 55, food, Food description 3, 72, food, Food description 2, 61, food, Food description 1, 99, food, Food description 0, 69, 356.00
44ebf0f7-c1c5-4307-a33e-f410f6c87f50, debit_card, food, Food description 5, 61, food, Food description 7, 37, food, Food description 6, 57, 155.00
458f1b96-99ea-402c-92ce-6e58590972b6, debit_card, food, Food description 3, 72, food, Food description 4, 55, food, Food description 0, 69, food, Food description 1, 99, food, Food description 2, 61, 356.00
459b9b34-e496-4448-b9a8-5df26d319baf, debit_card, food, Food description 3, 72, food, Food description 4, 55, food, Food description 0, 69, food, Food description 1, 99, food, Food description 2, 61, 356.00
469ca50c-1ad2-45e3-9c80-e707f2f6db64, money, food, Food description 2, 61, food, Food description 1, 99, food, Food description 0, 69, food, Food description 4, 55, food, Food description 3, 72, 356.00
493663dd-7c0f-4d06-ae0e-7dff87c388be, debit_card, food, Food description 7, 37, food, Food description 5, 61, food, Food description 6, 57, 155.00
4a0539a0-0bde-4a66-b0fb-9085b92e0bdf, money, food, Food description 1, 99, food, Food description 2, 61, food, Food description 4, 55, food, Food description 3, 72, food, Food description 0, 69, 356.00
4a6ba29b-a0c2-4f9a-a036-c766de9860bd, credit_card, food, Food description 5, 61, food, Food description 6, 57, food, Food description 7, 37, 155.00
4b15036d-c685-4a01-a99e-8dae3369778f, credit_card, food, Food description 0, 69, food, Food description 1, 99, food, Food description 2, 61, food, Food description 3, 72, food, Food description 4, 55, 356.00
4c6f6465-a105-49d2-b966-e7eb7c9c9863, debit_card, food, Food description 3, 72, food, Food description 4, 55, food, Food description 2, 61, food, Food description 1, 99, food, Food description 0, 69, 356.00
4cebeefb-35ec-4da9-88d6-29dc4304d0bc, money, food, Food description 4, 55, food, Food description 3, 72, food, Food description 2, 61, food, Food description 1, 99, food, Food description 0, 69, 356.00
4d0946d8-b8c5-4701-9018-4bb0879ba082, credit_card, food, Food description 5, 61, food, Food description 7, 37, food, Food description 6, 57, 155.00
4d993d26-f67b-4d82-b8db-2bee50674892, money, food, Food description 3, 72, food, Food description 4, 55, food, Food description 0, 69, food, Food description 1, 99, food, Food description 2, 61, 356.00
50b6acd8-43b9-4d70-9d46-acf37cdefe70, debit_card, food, Food description 5, 61, food, Food description 7, 37, food, Food description 6, 57, 155.00
50fd4910-c917-4572-bac6-2d9952a61efd, credit_card, food, Food description 0, 69, food, Food description 4, 55, food, Food description 3, 72, food, Food description 2, 61, food, Food description 1, 99, 356.00
5503ad32-3a08-4df3-a8b7-cf0f4ef64982, debit_card, food, Food description 7, 37, food, Food description 5, 61, food, Food description 6, 57, 155.00
56402fac-8990-4641-b686-99636ab228d8, money, food, Food description 5, 61, food, Food description 7, 37, food, Food description 6, 57, 155.00
56b11d1f-a4f3-4b69-8b44-d3e528147d3d, credit_card, food, Food description 5, 61, food, Food description 6, 57, food, Food description 7, 37, 155.00
571913d0-a3e2-4378-a6f5-7483fa3ec620, credit_card, food, Food description 6, 57, food, Food description 5, 61, food, Food description 7, 37, 155.00
57f51095-4ff1-42d4-bdf4-058e507ff97f, credit_card, food, Food description 4, 55, food, Food description 0, 69, food, Food description 1, 99, food, Food description 2, 61, food, Food description 3, 72, 356.00
57fcb02a-b39b-4f21-81e6-86039ca7b961, debit_card, food, Food description 1, 99, food, Food description 2, 61, food, Food description 0, 69, food, Food description 4, 55, food, Food description 3, 72, 356.00
58ee7e26-0a24-4039-865c-35649e6d14df, money, food, Food description 3, 72, food, Food description 4, 55, food, Food description 0, 69, food, Food description 1, 99, food, Food description 2, 61, 356.00
5acae0ae-2663-4a60-ab87-b29aa22594ec, money, food, Food description 7, 37, food, Food description 5, 61, food, Food description 6, 57, 155.00
5cd99098-7f44-434a-873f-e22d552600ba, debit_card, food, Food description 7, 37, food, Food description 6, 57, food, Food description 5, 61, 155.00
5d6acd11-9a80-4432-8015-6d6ff040106a, debit_card, food, Food description 5, 61, food, Food description 6, 57, food, Food description 7, 37, 155.00
607ac6a6-de2b-441d-9ed9-395fdf97eaf7, money, food, Food description 7, 37, food, Food description 6, 57, food, Food description 5, 61, 155.00
617937c6-40a3-492c-bf37-0462003463f2, debit_card, food, Food description 7, 37, food, Food description 5, 61, food, Food description 6, 57, 155.00
62986017-ed17-458f-ad60-1fd49a417ca7, debit_card, food, Food description 5, 61, food, Food description 7, 37, food, Food description 6, 57, 155.00
62dfdfed-1326-41f8-8f55-5c391d8eac6b, credit_card, food, Food description 0, 69, food, Food description 1, 99, food, Food description 2, 61, food, Food description 3, 72, food, Food description 4, 55, 356.00
63786e4b-8d43-4435-af77-54c282d58508, debit_card, food, Food description 0, 69, food, Food description 1, 99, food, Food description 2, 61, food, Food description 3, 72, food, Food description 4, 55, 356.00
64439832-c220-449e-8cd5-f16e33d557d3, credit_card, food, Food description 5, 61, food, Food description 7, 37, food, Food description 6, 57, 155.00
651f4ad1-5a4b-403d-8a9b-5179d8227dd2, debit_card, food, Food description 6, 57, food, Food description 7, 37, food, Food description 5, 61, 155.00
660fde1e-5513-465e-bf42-b01e2ed8c145, money, food, Food description 7, 37, food, Food description 5, 61, food, Food description 6, 57, 155.00
68056b8c-8a99-449d-8376-2c14bb9d1503, credit_card, food, Food description 2, 61, food, Food description 1, 99, food, Food description 0, 69, food, Food description 4, 55, food, Food description 3, 72, 356.00
6bde84eb-a6d7-4954-ad2a-d089c847f9e7, debit_card, food, Food description 0, 69, food, Food description 4, 55, food, Food description 3, 72, food, Food description 2, 61, food, Food description 1, 99, 356.00
6e02f747-88bb-4624-90bb-4cb9410967f9, credit_card, food, Food description 5, 61, food, Food description 6, 57, food, Food description 7, 37, 155.00
6ea71c00-da34-4e6e-aad9-eda08604e3c3, debit_card, food, Food description 5, 61, food, Food description 6, 57, food, Food description 7, 37, 155.00
6eb1c2cc-11f1-40e5-b19b-ac19d937488f, debit_card, food, Food description 0, 69, food, Food description 1, 99, food, Food description 2, 61, food, Food description 3, 72, food, Food description 4, 55, 356.00
71455a29-afb0-4a16-a599-62f28f3bf64a, debit_card, food, Food description 0, 69, food, Food description 1, 99, food, Food description 2, 61, food, Food description 3, 72, food, Food description 4, 55, 356.00
7356bacf-4ba4-4f40-bc6e-4f3f43896999, debit_card, food, Food description 5, 61, food, Food description 6, 57, food, Food description 7, 37, 155.00
75ca07cc-00f0-4969-87fe-aa4f23614fee, money, food, Food description 0, 69, food, Food description 1, 99, food, Food description 2, 61, food, Food description 3, 72, food, Food description 4, 55, 356.00
76676fc7-d437-41c1-a0d8-5fc962af000a, debit_card, food, Food description 1, 99, food, Food description 4, 55, food, Food description 2, 61, food, Food description 3, 72, food, Food description 0, 69, 356.00
798b7cbf-4974-4a41-bcda-79f42e9ea379, credit_card, food, Food description 7, 37, food, Food description 6, 57, food, Food description 5, 61, 155.00
79e09151-a0b3-491d-bcb2-f04cc2221a87, money, food, Food description 5, 61, food, Food description 6, 57, food, Food description 7, 37, 155.00
79e4f9b7-3e6c-4a2f-ad5a-090d49e686a4, credit_card, food, Food description 0, 69, food, Food description 1, 99, food, Food description 2, 61, food, Food description 3, 72, food, Food description 4, 55, 356.00
7a253210-3f7d-4215-8ee1-ad8c863941b6, debit_card, food, Food description 4, 55, food, Food description 3, 72, food, Food description 2, 61, food, Food description 1, 99, food, Food description 0, 69, 356.00
7a55f7c5-ea0b-4f91-8f3f-7de520a17973, money, food, Food description 0, 69, food, Food description 1, 99, food, Food description 2, 61, food, Food description 3, 72, food, Food description 4, 55, 356.00
7a85a621-39b7-4cc8-b8a1-1b5bc88ae806, credit_card, food, Food description 5, 61, food, Food description 7, 37, food, Food description 6, 57, 155.00
7ad0a04a-4d10-489f-bb26-1b76aef909b5, credit_card, food, Food description 0, 69, food, Food description 2, 61, food, Food description 3, 72, food, Food description 4, 55, food, Food description 1, 99, 356.00
7b3bcc6d-eb1f-4d4f-9e66-42c7e4cc3348, debit_card, food, Food description 0, 69, food, Food description 4, 55, food, Food description 3, 72, food, Food description 2, 61, food, Food description 1, 99, 356.00
7cd55290-9adb-4b57-b820-d54939663bc5, debit_card, food, Food description 7, 37, food, Food description 6, 57, food, Food description 5, 61, 155.00
7e08d823-cf67-4a89-94cc-9097f06eea2f, credit_card, food, Food description 7, 37, food, Food description 6, 57, food, Food description 5, 61, 155.00
7e7fa157-95b2-40c3-83a5-debeb3aaebf0, debit_card, food, Food description 3, 72, food, Food description 4, 55, food, Food description 0, 69, food, Food description 1, 99, food, Food description 2, 61, 356.00
80860682-534e-40c0-b83c-0aa39ef96e85, money, food, Food description 7, 37, food, Food description 6, 57, food, Food description 5, 61, 155.00
80ac2920-08ff-443d-a38a-9c15de5323b7, money, food, Food description 7, 37, food, Food description 6, 57, food, Food description 5, 61, 155.00
8673a48d-f573-451c-a7f1-a326ae98124d, money, food, Food description 7, 37, food, Food description 6, 57, food, Food description 5, 61, 155.00
872d8fbe-faba-4045-a9de-f4ea77eb899d, credit_card, food, Food description 7, 37, food, Food description 5, 61, food, Food description 6, 57, 155.00
884ceea7-e39f-4612-a56e-e9d242fdf27f, debit_card, food, Food description 5, 61, food, Food description 7, 37, food, Food description 6, 57, 155.00
89529d6e-c500-4de2-b011-2a2cb3693fc9, debit_card, food, Food description 5, 61, food, Food description 6, 57, food, Food description 7, 37, 155.00
8a28e2dc-2c61-4e68-bff1-5b72d40fc876, money, food, Food description 6, 57, food, Food description 7, 37, food, Food description 5, 61, 155.00
8ad0316e-3295-4dea-8c4a-119ffa0edbfe, money, food, Food description 2, 61, food, Food description 1, 99, food, Food description 0, 69, food, Food description 4, 55, food, Food description 3, 72, 356.00
8c158c3f-8b16-43bb-afd6-16922bb5eae9, money, food, Food description 0, 69, food, Food description 4, 55, food, Food description 3, 72, food, Food description 2, 61, food, Food description 1, 99, 356.00
8d7cba02-a945-4b6f-885a-1217569a4866, money, food, Food description 2, 61, food, Food description 1, 99, food, Food description 0, 69, food, Food description 4, 55, food, Food description 3, 72, 356.00
8e976352-061b-4a96-aebe-945794a4ec5a, debit_card, food, Food description 7, 37, food, Food description 5, 61, food, Food description 6, 57, 155.00
91547539-bc82-4605-8ffa-4bc8c03542cf, debit_card, food, Food description 0, 69, food, Food description 1, 99, food, Food description 2, 61, food, Food description 3, 72, food, Food description 4, 55, 356.00
95778712-6b54-4f80-91e9-c67b03169e65, debit_card, food, Food description 0, 69, food, Food description 1, 99, food, Food description 2, 61, food, Food description 3, 72, food, Food description 4, 55, 356.00
97eb98a8-3092-4901-b6af-2c2c06819860, debit_card, food, Food description 7, 37, food, Food description 6, 57, food, Food description 5, 61, 155.00
985f40c2-1963-4b2c-a364-4d4707586899, credit_card, food, Food description 4, 55, food, Food description 0, 69, food, Food description 1, 99, food, Food description 2, 61, food, Food description 3, 72, 356.00
99eef1af-4871-4cc5-9f26-3c3fe2093632, debit_card, food, Food description 4, 55, food, Food description 0, 69, food, Food description 1, 99, food, Food description 2, 61, food, Food description 3, 72, 356.00
9cd25d4c-9492-4a90-b5e6-5655d1bda55b, money, food, Food description 5, 61, food, Food description 6, 57, food, Food description 7, 37, 155.00
9d9cf3b5-5a5d-42f7-93c5-a16b5748c6d9, money, food, Food description 7, 37, food, Food description 6, 57, food, Food description 5, 61, 155.00
a3274906-35ee-42bc-9379-1bfde0171ffc, money, food, Food description 5, 61, food, Food description 6, 57, food, Food description 7, 37, 155.00
a559f666-71ae-412c-a9b0-3492f9aa9099, credit_card, food, Food description 5, 61, food, Food description 6, 57, food, Food description 7, 37, 155.00
a76854ce-ed6e-4b8c-9f0a-25b2b72364f6, credit_card, food, Food description 5, 61, food, Food description 6, 57, food, Food description 7, 37, 155.00
a8152933-71f7-449c-9583-faee52d71195, money, food, Food description 0, 69, food, Food description 1, 99, food, Food description 2, 61, food, Food description 3, 72, food, Food description 4, 55, 356.00
a819aa79-a196-4740-b7a8-289ce2043901, debit_card, food, Food description 0, 69, food, Food description 1, 99, food, Food description 2, 61, food, Food description 3, 72, food, Food description 4, 55, 356.00
a81cfaa5-3d64-412a-ad4b-d51d2b7e1417, debit_card, food, Food description 7, 37, food, Food description 6, 57, food, Food description 5, 61, 155.00
a8986eb6-9a42-47d0-8db6-6fbb460f20ee, debit_card, food, Food description 7, 37, food, Food description 5, 61, food, Food description 6, 57, 155.00
a9e471b0-1936-4131-926c-7ce9838c4028, debit_card, food, Food description 0, 69, food, Food description 1, 99, food, Food description 2, 61, food, Food description 3, 72, food, Food description 4, 55, 356.00
aa0d7e9b-dd9e-475f-96ad-02dbde42ed20, credit_card, food, Food description 6, 57, food, Food description 5, 61, food, Food description 7, 37, 155.00
aa7946aa-cad8-462b-b19e-ddf716ce5e05, money, food, Food description 0, 69, food, Food description 3, 72, food, Food description 2, 61, food, Food description 1, 99, food, Food description 4, 55, 356.00
ab1455c6-ea98-4029-af22-6f7497cbd014, credit_card, food, Food description 2, 61, food, Food description 1, 99, food, Food description 0, 69, food, Food description 4, 55, food, Food description 3, 72, 356.00
ac60a13a-dcf9-4d9a-a66c-d7adb0689f1f, money, food, Food description 3, 72, food, Food description 4, 55, food, Food description 0, 69, food, Food description 1, 99, food, Food description 2, 61, 356.00
aca26624-7642-4fa1-8df8-f9358de875e8, money, food, Food description 0, 69, food, Food description 1, 99, food, Food description 2, 61, food, Food description 3, 72, food, Food description 4, 55, 356.00
acc32e62-306d-4d65-93d9-2edbcc550c13, credit_card, food, Food description 5, 61, food, Food description 7, 37, food, Food description 6, 57, 155.00
adc9eba7-eab4-4c81-a750-78dbe344ddc6, credit_card, food, Food description 7, 37, food, Food description 5, 61, food, Food description 6, 57, 155.00
aea98ae0-bed4-45e3-9ba4-c8b12e1fb730, credit_card, food, Food description 2, 61, food, Food description 0, 69, food, Food description 1, 99, food, Food description 3, 72, food, Food description 4, 55, 356.00
af2448ff-4a8d-4b55-8dba-751fb3e0c20c, debit_card, food, Food description 2, 61, food, Food description 1, 99, food, Food description 0, 69, food, Food description 4, 55, food, Food description 3, 72, 356.00
b08a63bc-ba06-4bc0-b67c-766f7cf89791, debit_card, food, Food description 7, 37, food, Food description 5, 61, food, Food description 6, 57, 155.00
b13df30e-3eae-4066-9591-c6a5f15bff4b, credit_card, food, Food description 7, 37, food, Food description 6, 57, food, Food description 5, 61, 155.00
b16816bf-27b6-4184-9676-9e66bc04be41, money, food, Food description 6, 57, food, Food description 7, 37, food, Food description 5, 61, 155.00
b1bf09ba-7773-4620-aebd-4c67f63c550a, money, food, Food description 3, 72, food, Food description 4, 55, food, Food description 0, 69, food, Food description 1, 99, food, Food description 2, 61, 356.00
b270cb63-b961-4e8c-ba24-c0c5f203d6ec, credit_card, food, Food description 7, 37, food, Food description 6, 57, food, Food description 5, 61, 155.00
b2c3f4af-442a-4b4d-b642-75e3ddcec632, credit_card, food, Food description 6, 57, food, Food description 5, 61, food, Food description 7, 37, 155.00
b3f12ad3-ff8a-4398-a568-a162132ffa37, credit_card, food, Food description 1, 99, food, Food description 0, 69, food, Food description 3, 72, food, Food description 4, 55, food, Food description 2, 61, 356.00
b4f026a4-361d-42d5-b75f-e2e11c980b08, debit_card, food, Food description 3, 72, food, Food description 4, 55, food, Food description 2, 61, food, Food description 1, 99, food, Food description 0, 69, 356.00
b51c7065-1303-40a4-b75e-72972873672c, credit_card, food, Food description 5, 61, food, Food description 6, 57, food, Food description 7, 37, 155.00
b54b03f4-b6d4-422c-941e-cfb27bcefa02, money, food, Food description 0, 69, food, Food description 4, 55, food, Food description 3, 72, food, Food description 2, 61, food, Food description 1, 99, 356.00
b7a9bc45-0fe6-4a86-b17b-8877230d3455, credit_card, food, Food description 7, 37, food, Food description 5, 61, food, Food description 6, 57, 155.00
b8e2454e-19b1-44dd-827b-bcc27065fc93, debit_card, food, Food description 5, 61, food, Food description 6, 57, food, Food description 7, 37, 155.00
ba1b0c9e-1eda-48e7-9feb-dd77b34927ea, credit_card, food, Food description 2, 61, food, Food description 1, 99, food, Food description 0, 69, food, Food description 4, 55, food, Food description 3, 72, 356.00
bb785609-f394-4e9d-8f56-6afe3c33333e, credit_card, food, Food description 0, 69, food, Food description 1, 99, food, Food description 2, 61, food, Food description 3, 72, food, Food description 4, 55, 356.00
bcea5d04-241a-4b6e-bd6c-b521996112bf, credit_card, food, Food description 0, 69, food, Food description 1, 99, food, Food description 2, 61, food, Food description 3, 72, food, Food description 4, 55, 356.00
be26ec78-23b7-4a55-ae43-6076cbf5c109, money, food, Food description 4, 55, food, Food description 3, 72, food, Food description 2, 61, food, Food description 1, 99, food, Food description 0, 69, 356.00
be376272-9d99-4df7-8a6b-a73a78fe967a, money, food, Food description 4, 55, food, Food description 3, 72, food, Food description 2, 61, food, Food description 1, 99, food, Food description 0, 69, 356.00
bf217827-0209-4663-bb08-17e3b9656edc, credit_card, food, Food description 0, 69, food, Food description 1, 99, food, Food description 2, 61, food, Food description 3, 72, food, Food description 4, 55, 356.00
c0f4bcca-6fc3-4b38-8337-2181955ea41e, debit_card, food, Food description 0, 69, food, Food description 1, 99, food, Food description 2, 61, food, Food description 3, 72, food, Food description 4, 55, 356.00
c11abbb3-0d8d-4789-8ab1-ec97e8e2fe8b, credit_card, food, Food description 5, 61, food, Food description 6, 57, food, Food description 7, 37, 155.00
c15a5c1a-e491-48f3-a4f5-7a964771af1c, credit_card, food, Food description 2, 61, food, Food description 3, 72, food, Food description 1, 99, food, Food description 0, 69, food, Food description 4, 55, 356.00
c185d0aa-3e5a-451e-b1f6-e7f729cab6bb, money, food, Food description 4, 55, food, Food description 3, 72, food, Food description 2, 61, food, Food description 1, 99, food, Food description 0, 69, 356.00
c1d42961-94f3-405a-8300-0c3125756dc6, credit_card, food, Food description 5, 61, food, Food description 7, 37, food, Food description 6, 57, 155.00
c1e23b7c-d4ba-4dca-a534-1c793611ba86, debit_card, food, Food description 5, 61, food, Food description 6, 57, food, Food description 7, 37, 155.00
c253b9b0-f0b7-4b44-b246-d4e8cb0b0a70, debit_card, food, Food description 5, 61, food, Food description 7, 37, food, Food description 6, 57, 155.00
c351e23a-8e43-41c3-a1bc-e9f5d2a57664, debit_card, food, Food description 2, 61, food, Food description 0, 69, food, Food description 1, 99, food, Food description 4, 55, food, Food description 3, 72, 356.00
c39b8b0d-d42a-4dc4-9531-c87e0c2ae3b6, credit_card, food, Food description 7, 37, food, Food description 5, 61, food, Food description 6, 57, 155.00
c4f60a9c-bb60-42a5-ba04-1b7136663305, debit_card, food, Food description 5, 61, food, Food description 7, 37, food, Food description 6, 57, 155.00
c67481aa-12b5-473a-a534-c2d30e47c574, money, food, Food description 3, 72, food, Food description 4, 55, food, Food description 0, 69, food, Food description 1, 99, food, Food description 2, 61, 356.00
c873dd83-e5bc-4a18-9862-eeddff1d0964, credit_card, food, Food description 7, 37, food, Food description 6, 57, food, Food description 5, 61, 155.00
c8aac4ef-2689-4fed-819e-0a56489c1638, credit_card, food, Food description 0, 69, food, Food description 4, 55, food, Food description 2, 61, food, Food description 1, 99, food, Food description 3, 72, 356.00
c8ccc567-de38-45c3-a975-e8d3dc7adea7, money, food, Food description 5, 61, food, Food description 6, 57, food, Food description 7, 37, 155.00
c9d8506f-c380-47af-8f63-1568d3e7540c, debit_card, food, Food description 6, 57, food, Food description 7, 37, food, Food description 5, 61, 155.00
cb429d00-6169-441d-8d79-9b749b5e5493, debit_card, food, Food description 7, 37, food, Food description 6, 57, food, Food description 5, 61, 155.00
cb7f26f4-489c-479e-979e-5221c911303d, money, food, Food description 0, 69, food, Food description 1, 99, food, Food description 2, 61, food, Food description 3, 72, food, Food description 4, 55, 356.00
cc184e78-939d-49cf-8603-d46b2f6e6b62, debit_card, food, Food description 7, 37, food, Food description 5, 61, food, Food description 6, 57, 155.00
cc5e3860-2555-4fd5-8e9e-356490a7ca72, money, food, Food description 1, 99, food, Food description 3, 72, food, Food description 2, 61, food, Food description 4, 55, food, Food description 0, 69, 356.00
cdfb1811-59ca-456f-9044-d58713db2ba9, credit_card, food, Food description 4, 55, food, Food description 3, 72, food, Food description 2, 61, food, Food description 1, 99, food, Food description 0, 69, 356.00
ce782bb2-6738-40fd-9950-216d0af838c8, money, food, Food description 5, 61, food, Food description 7, 37, food, Food description 6, 57, 155.00
cf918fc1-9144-46a5-a310-65adadd7bf7f, credit_card, food, Food description 5, 61, food, Food description 7, 37, food, Food description 6, 57, 155.00
cfc07b65-7889-4feb-8d9d-e2a30f99bd80, credit_card, food, Food description 2, 61, food, Food description 4, 55, food, Food description 0, 69, food, Food description 1, 99, food, Food description 3, 72, 356.00
d012f39b-92e8-4c82-acac-7aae4711e501, credit_card, food, Food description 2, 61, food, Food description 1, 99, food, Food description 0, 69, food, Food description 4, 55, food, Food description 3, 72, 356.00
d36c4bd5-09c2-41d6-b146-1f61f0e94ffb, money, food, Food description 0, 69, food, Food description 1, 99, food, Food description 2, 61, food, Food description 3, 72, food, Food description 4, 55, 356.00
d3a9e2fe-534a-4135-bd3e-2733cbea1d77, debit_card, food, Food description 7, 37, food, Food description 6, 57, food, Food description 5, 61, 155.00
d498971c-b060-49bc-91c9-fc3a4aecd7ef, debit_card, food, Food description 2, 61, food, Food description 0, 69, food, Food description 1, 99, food, Food description 4, 55, food, Food description 3, 72, 356.00
d4b4c5e2-9942-43e7-bf26-bba055a1a118, credit_card, food, Food description 4, 55, food, Food description 0, 69, food, Food description 1, 99, food, Food description 2, 61, food, Food description 3, 72, 356.00
d5bd9363-aaa1-4ed5-ac2f-c38c6c05b4e5, debit_card, food, Food description 6, 57, food, Food description 5, 61, food, Food description 7, 37, 155.00
d70ecb72-90d3-4d3f-afc5-9a08259f788a, credit_card, food, Food description 5, 61, food, Food description 6, 57, food, Food description 7, 37, 155.00
d8142b5f-e7b4-4300-a99b-27ed84e89893, money, food, Food description 0, 69, food, Food description 1, 99, food, Food description 2, 61, food, Food description 3, 72, food, Food description 4, 55, 356.00
d8cbae57-8713-4b8b-9274-6dc51d806675, credit_card, food, Food description 0, 69, food, Food description 1, 99, food, Food description 2, 61, food, Food description 3, 72, food, Food description 4, 55, 356.00
d94f6315-71d4-4746-b922-8378ec3ccaa3, money, food, Food description 0, 69, food, Food description 1, 99, food, Food description 2, 61, food, Food description 3, 72, food, Food description 4, 55, 356.00
d9751f86-d4c0-4d6e-8f93-1494f514ea9c, debit_card, food, Food description 5, 61, food, Food description 6, 57, food, Food description 7, 37, 155.00
d9ea05cb-2bac-403f-855b-1ffc750800bc, money, food, Food description 5, 61, food, Food description 6, 57, food, Food description 7, 37, 155.00
ddcfadf6-4bc2-4f84-a038-d34c0450aa0a, credit_card, food, Food description 5, 61, food, Food description 6, 57, food, Food description 7, 37, 155.00
de99299a-572a-4ac1-a5e7-2f0bf663863c, money, food, Food description 5, 61, food, Food description 6, 57, food, Food description 7, 37, 155.00
e07159d3-3dfd-4cf0-865f-7facfcb1c6aa, credit_card, food, Food description 0, 69, food, Food description 1, 99, food, Food description 2, 61, food, Food description 3, 72, food, Food description 4, 55, 356.00
e1d6e4b2-3752-437a-b578-61ce651a7b71, debit_card, food, Food description 3, 72, food, Food description 4, 55, food, Food description 0, 69, food, Food description 1, 99, food, Food description 2, 61, 356.00
e2852a1b-6a64-4fda-89c2-42fb3d4ca8ef, debit_card, food, Food description 5, 61, food, Food description 6, 57, food, Food description 7, 37, 155.00
e291208d-2962-419b-a4a9-94e3a203339e, money, food, Food description 4, 55, food, Food description 3, 72, food, Food description 2, 61, food, Food description 1, 99, food, Food description 0, 69, 356.00
e2a2cd73-426c-45da-8373-d39c35c08e4a, money, food, Food description 7, 37, food, Food description 5, 61, food, Food description 6, 57, 155.00
e34f9363-76a3-4406-8594-a0fabd84d32e, money, food, Food description 4, 55, food, Food description 3, 72, food, Food description 2, 61, food, Food description 1, 99, food, Food description 0, 69, 356.00
e49b7565-b9e8-4309-899e-281dd0088477, debit_card, food, Food description 0, 69, food, Food description 1, 99, food, Food description 2, 61, food, Food description 3, 72, food, Food description 4, 55, 356.00
e880b843-2a65-4b81-8194-8d33f5d29110, money, food, Food description 5, 61, food, Food description 6, 57, food, Food description 7, 37, 155.00
e8ddcc1b-8f75-4e0e-a4d1-4d3e0f819335, debit_card, food, Food description 2, 61, food, Food description 4, 55, food, Food description 0, 69, food, Food description 1, 99, food, Food description 3, 72, 356.00
e98f73af-80d5-4668-976b-7afda9e3b6c7, debit_card, food, Food description 3, 72, food, Food description 4, 55, food, Food description 0, 69, food, Food description 1, 99, food, Food description 2, 61, 356.00
ead10f0c-7ec3-4c2c-84aa-42edb5682827, debit_card, food, Food description 0, 69, food, Food description 1, 99, food, Food description 2, 61, food, Food description 3, 72, food, Food description 4, 55, 356.00
eadee01f-d742-4999-9408-b4113f4ac506, credit_card, food, Food description 5, 61, food, Food description 6, 57, food, Food description 7, 37, 155.00
ed888c07-63a6-43ab-a389-f2cdd570c4e2, money, food, Food description 5, 61, food, Food description 6, 57, food, Food description 7, 37, 155.00
efe7ecae-e0cb-47e4-9cdf-4630f0edb2e3, money, food, Food description 3, 72, food, Food description 4, 55, food, Food description 0, 69, food, Food description 1, 99, food, Food description 2, 61, 356.00
f68f0206-6b48-4a41-9623-a8976fc55a8d, money, food, Food description 5, 61, food, Food description 6, 57, food, Food description 7, 37, 155.00
f7f0a383-324e-4725-826a-49e5464a2b28, credit_card, food, Food description 5, 61, food, Food description 6, 57, food, Food description 7, 37, 155.00
f82c6a79-a18b-455e-9638-d91bb2cd805c, credit_card, food, Food description 0, 69, food, Food description 1, 99, food, Food description 2, 61, food, Food description 3, 72, food, Food description 4, 55, 356.00
fc1b049b-d925-4843-a948-3d5c663a9bf4, money, food, Food description 5, 61, food, Food description 6, 57, food, Food description 7, 37, 155.00
fc7ff26e-203d-40d9-b80f-fe2c1a0400e7, money, food, Food description 7, 37, food, Food description 5, 61, food, Food description 6, 57, 155.00
fd1a71bd-bcb9-4876-9f7a-c80195efb914, money, food, Food description 7, 37, food, Food description 5, 61, food, Food description 6, 57, 155.00
fd6240cb-1f73-4313-a2e5-9fe2a49555e2, debit_card, food, Food description 4, 55, food, Food description 0, 69, food, Food description 1, 99, food, Food description 2, 61, food, Food description 3, 72, 356.00
fdb6b27c-5d38-41b9-8d66-c468b39f4975, debit_card, food, Food description 0, 69, food, Food description 4, 55, food, Food description 3, 72, food, Food description 2, 61, food, Food description 1, 99, 356.00
fe67112c-8eff-43a8-9e7f-6c3ac616521f, debit_card, food, Food description 5, 61, food, Food description 7, 37, food, Food description 6, 57, 155.00
